{"epoch/loss": 2.2985732555389404, "epoch/accuracy": 0.10765431821346283, "epoch/val_loss": 2.2960426807403564, "epoch/val_accuracy": 0.1111111119389534, "epoch/epoch": 0, "epoch/learning_rate": 0.0010000000474974513, "_timestamp": 1717043485.1125958, "_runtime": 133.5419147014618, "_step": 0}