{"epoch/loss": 0.06639271229505539, "epoch/accuracy": 0.9807407259941101, "epoch/val_loss": 1.4621723890304565, "epoch/val_accuracy": 0.8592592477798462, "epoch/epoch": 72, "epoch/learning_rate": 0.0010000000474974513, "_timestamp": 1716193963.011699, "_runtime": 5724.856999874115, "_step": 72}